--------------------------------------------------------
--  파일이 생성됨 - 금요일-10월-07-2022   
--------------------------------------------------------
--------------------------------------------------------
--  DDL for Sequence SEQ_TEMP
--------------------------------------------------------

   CREATE SEQUENCE  "SCOTT"."SEQ_TEMP"  MINVALUE 1 MAXVALUE 9999999999999999999999999999 INCREMENT BY 1 START WITH 21 CACHE 20 NOORDER  NOCYCLE ;
--------------------------------------------------------
--  DDL for Sequence SEQ_TEMP2
--------------------------------------------------------

   CREATE SEQUENCE  "SCOTT"."SEQ_TEMP2"  MINVALUE 1 MAXVALUE 9999999999999999999999999999 INCREMENT BY 10 START WITH 5200 CACHE 20 NOORDER  NOCYCLE ;
--------------------------------------------------------
--  DDL for Table BONUS
--------------------------------------------------------

  CREATE TABLE "SCOTT"."BONUS" 
   (	"ENAME" VARCHAR2(10 BYTE), 
	"JOB" VARCHAR2(9 BYTE), 
	"SAL" NUMBER, 
	"COMM" NUMBER
   ) SEGMENT CREATION IMMEDIATE 
  PCTFREE 10 PCTUSED 40 INITRANS 1 MAXTRANS 255 NOCOMPRESS LOGGING
  STORAGE(INITIAL 65536 NEXT 1048576 MINEXTENTS 1 MAXEXTENTS 2147483645
  PCTINCREASE 0 FREELISTS 1 FREELIST GROUPS 1 BUFFER_POOL DEFAULT FLASH_CACHE DEFAULT CELL_FLASH_CACHE DEFAULT)
  TABLESPACE "SYSTEM" ;
--------------------------------------------------------
--  DDL for Table BUSEO
--------------------------------------------------------

  CREATE TABLE "SCOTT"."BUSEO" 
   (	"BUSEO_NO" NUMBER(3,0), 
	"BUSEO_NAME" VARCHAR2(30 BYTE)
   ) SEGMENT CREATION IMMEDIATE 
  PCTFREE 10 PCTUSED 40 INITRANS 1 MAXTRANS 255 NOCOMPRESS LOGGING
  STORAGE(INITIAL 65536 NEXT 1048576 MINEXTENTS 1 MAXEXTENTS 2147483645
  PCTINCREASE 0 FREELISTS 1 FREELIST GROUPS 1 BUFFER_POOL DEFAULT FLASH_CACHE DEFAULT CELL_FLASH_CACHE DEFAULT)
  TABLESPACE "SYSTEM" ;
--------------------------------------------------------
--  DDL for Table DEPT
--------------------------------------------------------

  CREATE TABLE "SCOTT"."DEPT" 
   (	"DEPTNO" NUMBER(2,0), 
	"DNAME" VARCHAR2(14 BYTE), 
	"LOC" VARCHAR2(13 BYTE)
   ) SEGMENT CREATION IMMEDIATE 
  PCTFREE 10 PCTUSED 40 INITRANS 1 MAXTRANS 255 NOCOMPRESS LOGGING
  STORAGE(INITIAL 65536 NEXT 1048576 MINEXTENTS 1 MAXEXTENTS 2147483645
  PCTINCREASE 0 FREELISTS 1 FREELIST GROUPS 1 BUFFER_POOL DEFAULT FLASH_CACHE DEFAULT CELL_FLASH_CACHE DEFAULT)
  TABLESPACE "SYSTEM" ;
--------------------------------------------------------
--  DDL for Table EMP
--------------------------------------------------------

  CREATE TABLE "SCOTT"."EMP" 
   (	"EMPNO" NUMBER(4,0), 
	"ENAME" VARCHAR2(10 BYTE), 
	"JOB" VARCHAR2(9 BYTE), 
	"MGR" NUMBER(4,0), 
	"HIREDATE" DATE, 
	"SAL" NUMBER(7,2), 
	"COMM" NUMBER(7,2), 
	"DEPTNO" NUMBER(2,0)
   ) SEGMENT CREATION IMMEDIATE 
  PCTFREE 10 PCTUSED 40 INITRANS 1 MAXTRANS 255 NOCOMPRESS LOGGING
  STORAGE(INITIAL 65536 NEXT 1048576 MINEXTENTS 1 MAXEXTENTS 2147483645
  PCTINCREASE 0 FREELISTS 1 FREELIST GROUPS 1 BUFFER_POOL DEFAULT FLASH_CACHE DEFAULT CELL_FLASH_CACHE DEFAULT)
  TABLESPACE "SYSTEM" ;
--------------------------------------------------------
--  DDL for Table EMP_COPY
--------------------------------------------------------

  CREATE TABLE "SCOTT"."EMP_COPY" 
   (	"EMPNO" NUMBER(4,0), 
	"ENAME" VARCHAR2(10 BYTE), 
	"JOB" VARCHAR2(9 BYTE), 
	"MGR" NUMBER(4,0), 
	"HIREDATE" DATE, 
	"SAL" NUMBER(7,2), 
	"COMM" NUMBER(7,2), 
	"DEPTNO" NUMBER(2,0)
   ) SEGMENT CREATION IMMEDIATE 
  PCTFREE 10 PCTUSED 40 INITRANS 1 MAXTRANS 255 NOCOMPRESS LOGGING
  STORAGE(INITIAL 65536 NEXT 1048576 MINEXTENTS 1 MAXEXTENTS 2147483645
  PCTINCREASE 0 FREELISTS 1 FREELIST GROUPS 1 BUFFER_POOL DEFAULT FLASH_CACHE DEFAULT CELL_FLASH_CACHE DEFAULT)
  TABLESPACE "SYSTEM" ;
--------------------------------------------------------
--  DDL for Table EMP_COPY2
--------------------------------------------------------

  CREATE TABLE "SCOTT"."EMP_COPY2" 
   (	"ENO" NUMBER(4,0), 
	"ENAME" VARCHAR2(10 BYTE), 
	"JOB" VARCHAR2(9 BYTE), 
	"MANAGER" NUMBER(4,0), 
	"HIREDATE" DATE, 
	"SALARY" NUMBER(7,2), 
	"COMMISSION" NUMBER(7,2), 
	"DNO" NUMBER(2,0)
   ) SEGMENT CREATION IMMEDIATE 
  PCTFREE 10 PCTUSED 40 INITRANS 1 MAXTRANS 255 NOCOMPRESS LOGGING
  STORAGE(INITIAL 65536 NEXT 1048576 MINEXTENTS 1 MAXEXTENTS 2147483645
  PCTINCREASE 0 FREELISTS 1 FREELIST GROUPS 1 BUFFER_POOL DEFAULT FLASH_CACHE DEFAULT CELL_FLASH_CACHE DEFAULT)
  TABLESPACE "SYSTEM" ;
--------------------------------------------------------
--  DDL for Table EMP_MERGE_TEST
--------------------------------------------------------

  CREATE TABLE "SCOTT"."EMP_MERGE_TEST" 
   (	"EMPNO" NUMBER(4,0), 
	"DEPTNO" NUMBER(2,0), 
	"SAL" NUMBER(7,2)
   ) SEGMENT CREATION IMMEDIATE 
  PCTFREE 10 PCTUSED 40 INITRANS 1 MAXTRANS 255 NOCOMPRESS LOGGING
  STORAGE(INITIAL 65536 NEXT 1048576 MINEXTENTS 1 MAXEXTENTS 2147483645
  PCTINCREASE 0 FREELISTS 1 FREELIST GROUPS 1 BUFFER_POOL DEFAULT FLASH_CACHE DEFAULT CELL_FLASH_CACHE DEFAULT)
  TABLESPACE "SYSTEM" ;
--------------------------------------------------------
--  DDL for Table EMP_MERGE_TESTING
--------------------------------------------------------

  CREATE TABLE "SCOTT"."EMP_MERGE_TESTING" 
   (	"EMPNO" NUMBER(4,0), 
	"SAL" NUMBER(7,2), 
	"DEPTNO" NUMBER(2,0)
   ) SEGMENT CREATION IMMEDIATE 
  PCTFREE 10 PCTUSED 40 INITRANS 1 MAXTRANS 255 NOCOMPRESS LOGGING
  STORAGE(INITIAL 65536 NEXT 1048576 MINEXTENTS 1 MAXEXTENTS 2147483645
  PCTINCREASE 0 FREELISTS 1 FREELIST GROUPS 1 BUFFER_POOL DEFAULT FLASH_CACHE DEFAULT CELL_FLASH_CACHE DEFAULT)
  TABLESPACE "SYSTEM" ;
--------------------------------------------------------
--  DDL for Table EMP_MERGE_TESTS
--------------------------------------------------------

  CREATE TABLE "SCOTT"."EMP_MERGE_TESTS" 
   (	"ENAME" VARCHAR2(10 BYTE), 
	"EMPNO" NUMBER(4,0), 
	"SAL" NUMBER(7,2), 
	"DEPTNO" NUMBER(2,0)
   ) SEGMENT CREATION IMMEDIATE 
  PCTFREE 10 PCTUSED 40 INITRANS 1 MAXTRANS 255 NOCOMPRESS LOGGING
  STORAGE(INITIAL 65536 NEXT 1048576 MINEXTENTS 1 MAXEXTENTS 2147483645
  PCTINCREASE 0 FREELISTS 1 FREELIST GROUPS 1 BUFFER_POOL DEFAULT FLASH_CACHE DEFAULT CELL_FLASH_CACHE DEFAULT)
  TABLESPACE "SYSTEM" ;
--------------------------------------------------------
--  DDL for Table INFO_TAB
--------------------------------------------------------

  CREATE TABLE "SCOTT"."INFO_TAB" 
   (	"NAME" VARCHAR2(10 BYTE), 
	"JUMIN" CHAR(15 BYTE), 
	"TEL" VARCHAR2(20 BYTE), 
	"GENDER" VARCHAR2(10 BYTE) DEFAULT '남성', 
	"AGE" NUMBER(3,0), 
	"HOME" VARCHAR2(20 BYTE), 
	"DEPTNO" NUMBER(2,0)
   ) SEGMENT CREATION IMMEDIATE 
  PCTFREE 10 PCTUSED 40 INITRANS 1 MAXTRANS 255 NOCOMPRESS LOGGING
  STORAGE(INITIAL 65536 NEXT 1048576 MINEXTENTS 1 MAXEXTENTS 2147483645
  PCTINCREASE 0 FREELISTS 1 FREELIST GROUPS 1 BUFFER_POOL DEFAULT FLASH_CACHE DEFAULT CELL_FLASH_CACHE DEFAULT)
  TABLESPACE "SYSTEM" ;
--------------------------------------------------------
--  DDL for Table MERGE_M
--------------------------------------------------------

  CREATE TABLE "SCOTT"."MERGE_M" 
   (	"DEPT_NO" NUMBER, 
	"EMP_COUNT" NUMBER, 
	"TOT_SALARY" NUMBER, 
	"AVG_SALARY" NUMBER
   ) SEGMENT CREATION IMMEDIATE 
  PCTFREE 10 PCTUSED 40 INITRANS 1 MAXTRANS 255 NOCOMPRESS LOGGING
  STORAGE(INITIAL 65536 NEXT 1048576 MINEXTENTS 1 MAXEXTENTS 2147483645
  PCTINCREASE 0 FREELISTS 1 FREELIST GROUPS 1 BUFFER_POOL DEFAULT FLASH_CACHE DEFAULT CELL_FLASH_CACHE DEFAULT)
  TABLESPACE "SYSTEM" ;
--------------------------------------------------------
--  DDL for Table SALGRADE
--------------------------------------------------------

  CREATE TABLE "SCOTT"."SALGRADE" 
   (	"GRADE" NUMBER, 
	"LOSAL" NUMBER, 
	"HISAL" NUMBER
   ) SEGMENT CREATION IMMEDIATE 
  PCTFREE 10 PCTUSED 40 INITRANS 1 MAXTRANS 255 NOCOMPRESS LOGGING
  STORAGE(INITIAL 65536 NEXT 1048576 MINEXTENTS 1 MAXEXTENTS 2147483645
  PCTINCREASE 0 FREELISTS 1 FREELIST GROUPS 1 BUFFER_POOL DEFAULT FLASH_CACHE DEFAULT CELL_FLASH_CACHE DEFAULT)
  TABLESPACE "SYSTEM" ;
--------------------------------------------------------
--  DDL for Table SAWON
--------------------------------------------------------

  CREATE TABLE "SCOTT"."SAWON" 
   (	"SABUN" NUMBER(6,0), 
	"SAWON_NAME" VARCHAR2(15 BYTE), 
	"UBMU" VARCHAR2(30 BYTE) DEFAULT '개발', 
	"WEOLGUB" NUMBER(7,0), 
	"BUSEO" NUMBER(3,0), 
	"JIYEOK" VARCHAR2(30 BYTE)
   ) SEGMENT CREATION IMMEDIATE 
  PCTFREE 10 PCTUSED 40 INITRANS 1 MAXTRANS 255 NOCOMPRESS LOGGING
  STORAGE(INITIAL 65536 NEXT 1048576 MINEXTENTS 1 MAXEXTENTS 2147483645
  PCTINCREASE 0 FREELISTS 1 FREELIST GROUPS 1 BUFFER_POOL DEFAULT FLASH_CACHE DEFAULT CELL_FLASH_CACHE DEFAULT)
  TABLESPACE "SYSTEM" ;
--------------------------------------------------------
--  DDL for Table STAT_SALARY
--------------------------------------------------------

  CREATE TABLE "SCOTT"."STAT_SALARY" 
   (	"STAT_DATE" DATE, 
	"DEPT_NO" NUMBER, 
	"EMP_COUNT" NUMBER, 
	"TOT_SALARY" NUMBER, 
	"AVG_SALARY" NUMBER
   ) SEGMENT CREATION IMMEDIATE 
  PCTFREE 10 PCTUSED 40 INITRANS 1 MAXTRANS 255 NOCOMPRESS LOGGING
  STORAGE(INITIAL 65536 NEXT 1048576 MINEXTENTS 1 MAXEXTENTS 2147483645
  PCTINCREASE 0 FREELISTS 1 FREELIST GROUPS 1 BUFFER_POOL DEFAULT FLASH_CACHE DEFAULT CELL_FLASH_CACHE DEFAULT)
  TABLESPACE "SYSTEM" ;
--------------------------------------------------------
--  DDL for Table STUDENT_SCORE
--------------------------------------------------------

  CREATE TABLE "SCOTT"."STUDENT_SCORE" 
   (	"ID" CHAR(4 BYTE), 
	"HNAME" VARCHAR2(20 BYTE), 
	"KOR" NUMBER(3,0), 
	"ENG" NUMBER(3,0), 
	"AVG" NUMBER(4,1), 
	"MATH" NUMBER(3,0)
   ) SEGMENT CREATION IMMEDIATE 
  PCTFREE 10 PCTUSED 40 INITRANS 1 MAXTRANS 255 NOCOMPRESS LOGGING
  STORAGE(INITIAL 65536 NEXT 1048576 MINEXTENTS 1 MAXEXTENTS 2147483645
  PCTINCREASE 0 FREELISTS 1 FREELIST GROUPS 1 BUFFER_POOL DEFAULT FLASH_CACHE DEFAULT CELL_FLASH_CACHE DEFAULT)
  TABLESPACE "SYSTEM" ;
--------------------------------------------------------
--  DDL for View V_DEPT_SUM
--------------------------------------------------------

  CREATE OR REPLACE FORCE VIEW "SCOTT"."V_DEPT_SUM" ("부서명", "최소급여", "최대급여", "평균급여") AS 
  select d.dname 부서명, min(e.sal) 최소급여, max(e.sal) 최대급여, avg(e.sal) 평균급여
from emp e, dept d
where e.deptno = d.deptno
group by d.dname
with read only
;
--------------------------------------------------------
--  DDL for View V_EMP
--------------------------------------------------------

  CREATE OR REPLACE FORCE VIEW "SCOTT"."V_EMP" ("EMPNO", "ENAME", "DEPTNO") AS 
  select empno, ename, deptno from emp
           with read only
;
--------------------------------------------------------
--  DDL for View V_EMP_30
--------------------------------------------------------

  CREATE OR REPLACE FORCE VIEW "SCOTT"."V_EMP_30" ("EMP_NO", "NAME", "SALARY") AS 
  select empno emp_no, ename name, sal salary from emp
           where deptno = 30
           with read only
;
--------------------------------------------------------
--  DDL for View V_EMP_INFO
--------------------------------------------------------

  CREATE OR REPLACE FORCE VIEW "SCOTT"."V_EMP_INFO" ("EMPNO", "ENAME", "DNAME") AS 
  select e.empno empno, e.ename ename, d.dname dname 
from emp e, dept d
where e.deptno=d.deptno
;
REM INSERTING into SCOTT.BONUS
SET DEFINE OFF;
REM INSERTING into SCOTT.BUSEO
SET DEFINE OFF;
REM INSERTING into SCOTT.DEPT
SET DEFINE OFF;
Insert into SCOTT.DEPT (DEPTNO,DNAME,LOC) values (10,'ACCOUNTING','NEW YORK');
Insert into SCOTT.DEPT (DEPTNO,DNAME,LOC) values (20,'RESEARCH','DALLAS');
Insert into SCOTT.DEPT (DEPTNO,DNAME,LOC) values (30,'SALES','CHICAGO');
Insert into SCOTT.DEPT (DEPTNO,DNAME,LOC) values (40,'OPERATIONS','BOSTON');
REM INSERTING into SCOTT.EMP
SET DEFINE OFF;
Insert into SCOTT.EMP (EMPNO,ENAME,JOB,MGR,HIREDATE,SAL,COMM,DEPTNO) values (7369,'SMITH','CLERK',7902,to_date('80/12/17','RR/MM/DD'),800,null,20);
Insert into SCOTT.EMP (EMPNO,ENAME,JOB,MGR,HIREDATE,SAL,COMM,DEPTNO) values (4444,'호이',null,null,null,9900,null,20);
Insert into SCOTT.EMP (EMPNO,ENAME,JOB,MGR,HIREDATE,SAL,COMM,DEPTNO) values (5000,'박씨',null,null,null,null,null,null);
Insert into SCOTT.EMP (EMPNO,ENAME,JOB,MGR,HIREDATE,SAL,COMM,DEPTNO) values (7566,'JONES','MANAGER',7839,to_date('81/04/02','RR/MM/DD'),2975,null,20);
Insert into SCOTT.EMP (EMPNO,ENAME,JOB,MGR,HIREDATE,SAL,COMM,DEPTNO) values (5010,'박씨',null,null,null,null,null,null);
Insert into SCOTT.EMP (EMPNO,ENAME,JOB,MGR,HIREDATE,SAL,COMM,DEPTNO) values (5020,'박씨',null,null,null,null,null,null);
Insert into SCOTT.EMP (EMPNO,ENAME,JOB,MGR,HIREDATE,SAL,COMM,DEPTNO) values (7782,'CLARK','MANAGER',7839,to_date('81/06/09','RR/MM/DD'),2695,null,10);
Insert into SCOTT.EMP (EMPNO,ENAME,JOB,MGR,HIREDATE,SAL,COMM,DEPTNO) values (5030,'박씨',null,null,null,null,null,null);
Insert into SCOTT.EMP (EMPNO,ENAME,JOB,MGR,HIREDATE,SAL,COMM,DEPTNO) values (7839,'KING','PRESIDENT',null,to_date('81/11/17','RR/MM/DD'),5500,null,10);
Insert into SCOTT.EMP (EMPNO,ENAME,JOB,MGR,HIREDATE,SAL,COMM,DEPTNO) values (5757,'아무개','IT',null,null,15000,null,null);
Insert into SCOTT.EMP (EMPNO,ENAME,JOB,MGR,HIREDATE,SAL,COMM,DEPTNO) values (7876,'ADAMS','CLERK',7788,to_date('87/05/23','RR/MM/DD'),1100,null,20);
Insert into SCOTT.EMP (EMPNO,ENAME,JOB,MGR,HIREDATE,SAL,COMM,DEPTNO) values (5040,'최유인','IT',null,null,10000,null,null);
Insert into SCOTT.EMP (EMPNO,ENAME,JOB,MGR,HIREDATE,SAL,COMM,DEPTNO) values (7902,'FORD','ANALYST',7566,to_date('81/12/03','RR/MM/DD'),3000,null,20);
Insert into SCOTT.EMP (EMPNO,ENAME,JOB,MGR,HIREDATE,SAL,COMM,DEPTNO) values (7934,'MILLER','CLERK',7782,to_date('82/01/23','RR/MM/DD'),1430,null,10);
Insert into SCOTT.EMP (EMPNO,ENAME,JOB,MGR,HIREDATE,SAL,COMM,DEPTNO) values (1115,'요뎡님',null,null,null,10000,null,null);
Insert into SCOTT.EMP (EMPNO,ENAME,JOB,MGR,HIREDATE,SAL,COMM,DEPTNO) values (1117,'샤댱이',null,null,null,10000,null,null);
Insert into SCOTT.EMP (EMPNO,ENAME,JOB,MGR,HIREDATE,SAL,COMM,DEPTNO) values (9001,'홍길국','SALESMAN',null,null,null,null,null);
Insert into SCOTT.EMP (EMPNO,ENAME,JOB,MGR,HIREDATE,SAL,COMM,DEPTNO) values (9999,'test','CLERK',null,null,1250,null,null);
Insert into SCOTT.EMP (EMPNO,ENAME,JOB,MGR,HIREDATE,SAL,COMM,DEPTNO) values (1000,'홍길동',null,null,null,null,null,20);
Insert into SCOTT.EMP (EMPNO,ENAME,JOB,MGR,HIREDATE,SAL,COMM,DEPTNO) values (1112,'오경호',null,null,null,10000,null,null);
Insert into SCOTT.EMP (EMPNO,ENAME,JOB,MGR,HIREDATE,SAL,COMM,DEPTNO) values (1234,'유지선',null,null,null,null,null,null);
Insert into SCOTT.EMP (EMPNO,ENAME,JOB,MGR,HIREDATE,SAL,COMM,DEPTNO) values (2015,'암어',null,null,null,10000,null,null);
Insert into SCOTT.EMP (EMPNO,ENAME,JOB,MGR,HIREDATE,SAL,COMM,DEPTNO) values (1118,'쮝쮝',null,null,null,10000,null,null);
Insert into SCOTT.EMP (EMPNO,ENAME,JOB,MGR,HIREDATE,SAL,COMM,DEPTNO) values (5021,'쥑쥑',null,null,null,10000,null,null);
Insert into SCOTT.EMP (EMPNO,ENAME,JOB,MGR,HIREDATE,SAL,COMM,DEPTNO) values (1120,'쯔와압',null,null,null,10000,null,null);
Insert into SCOTT.EMP (EMPNO,ENAME,JOB,MGR,HIREDATE,SAL,COMM,DEPTNO) values (1149,'뵤스파',null,null,null,10000,null,null);
Insert into SCOTT.EMP (EMPNO,ENAME,JOB,MGR,HIREDATE,SAL,COMM,DEPTNO) values (5555,'최유인','IT',null,null,10000,null,null);
REM INSERTING into SCOTT.EMP_COPY
SET DEFINE OFF;
REM INSERTING into SCOTT.EMP_COPY2
SET DEFINE OFF;
Insert into SCOTT.EMP_COPY2 (ENO,ENAME,JOB,MANAGER,HIREDATE,SALARY,COMMISSION,DNO) values (7499,'ALLEN','SALESMAN',7698,to_date('81/02/20','RR/MM/DD'),1600,300,30);
Insert into SCOTT.EMP_COPY2 (ENO,ENAME,JOB,MANAGER,HIREDATE,SALARY,COMMISSION,DNO) values (7369,'SMITH','CLERK',7902,to_date('80/12/17','RR/MM/DD'),800,null,20);
Insert into SCOTT.EMP_COPY2 (ENO,ENAME,JOB,MANAGER,HIREDATE,SALARY,COMMISSION,DNO) values (7934,'MILLER','CLERK',7782,to_date('82/01/23','RR/MM/DD'),1300,null,10);
Insert into SCOTT.EMP_COPY2 (ENO,ENAME,JOB,MANAGER,HIREDATE,SALARY,COMMISSION,DNO) values (7839,'KING','PRESIDENT',null,to_date('81/11/17','RR/MM/DD'),5000,null,20);
Insert into SCOTT.EMP_COPY2 (ENO,ENAME,JOB,MANAGER,HIREDATE,SALARY,COMMISSION,DNO) values (7902,'FORD','ANALYST',7566,to_date('81/12/03','RR/MM/DD'),3000,null,20);
Insert into SCOTT.EMP_COPY2 (ENO,ENAME,JOB,MANAGER,HIREDATE,SALARY,COMMISSION,DNO) values (7900,'JAMES','CLERK',7698,to_date('81/12/03','RR/MM/DD'),950,null,30);
Insert into SCOTT.EMP_COPY2 (ENO,ENAME,JOB,MANAGER,HIREDATE,SALARY,COMMISSION,DNO) values (7788,'SCOTT','ANALYST',7566,to_date('87/07/13','RR/MM/DD'),3000,null,10);
Insert into SCOTT.EMP_COPY2 (ENO,ENAME,JOB,MANAGER,HIREDATE,SALARY,COMMISSION,DNO) values (7876,'ADAMS','CLERK',7788,to_date('87/07/13','RR/MM/DD'),1100,null,20);
Insert into SCOTT.EMP_COPY2 (ENO,ENAME,JOB,MANAGER,HIREDATE,SALARY,COMMISSION,DNO) values (7782,'CLARK','MANAGER',7839,to_date('81/06/09','RR/MM/DD'),2450,null,10);
Insert into SCOTT.EMP_COPY2 (ENO,ENAME,JOB,MANAGER,HIREDATE,SALARY,COMMISSION,DNO) values (7698,'BLAKE','MANAGER',7839,to_date('81/05/01','RR/MM/DD'),2850,null,30);
Insert into SCOTT.EMP_COPY2 (ENO,ENAME,JOB,MANAGER,HIREDATE,SALARY,COMMISSION,DNO) values (7654,'MARTIN','SALESMAN',7698,to_date('81/09/28','RR/MM/DD'),1250,1400,30);
Insert into SCOTT.EMP_COPY2 (ENO,ENAME,JOB,MANAGER,HIREDATE,SALARY,COMMISSION,DNO) values (7566,'JONES','MANAGER',7839,to_date('81/04/02','RR/MM/DD'),2975,null,20);
Insert into SCOTT.EMP_COPY2 (ENO,ENAME,JOB,MANAGER,HIREDATE,SALARY,COMMISSION,DNO) values (7521,'WARD','SALESMAN',7698,to_date('81/02/22','RR/MM/DD'),1250,500,30);
Insert into SCOTT.EMP_COPY2 (ENO,ENAME,JOB,MANAGER,HIREDATE,SALARY,COMMISSION,DNO) values (7844,'TURNER','SALESMAN',7698,to_date('81/09/08','RR/MM/DD'),1500,0,10);
REM INSERTING into SCOTT.EMP_MERGE_TEST
SET DEFINE OFF;
Insert into SCOTT.EMP_MERGE_TEST (EMPNO,DEPTNO,SAL) values (7369,20,880);
Insert into SCOTT.EMP_MERGE_TEST (EMPNO,DEPTNO,SAL) values (7566,20,3273);
Insert into SCOTT.EMP_MERGE_TEST (EMPNO,DEPTNO,SAL) values (7782,10,2695);
Insert into SCOTT.EMP_MERGE_TEST (EMPNO,DEPTNO,SAL) values (7788,20,3300);
Insert into SCOTT.EMP_MERGE_TEST (EMPNO,DEPTNO,SAL) values (7839,10,5500);
Insert into SCOTT.EMP_MERGE_TEST (EMPNO,DEPTNO,SAL) values (7876,20,1210);
Insert into SCOTT.EMP_MERGE_TEST (EMPNO,DEPTNO,SAL) values (7902,20,3300);
Insert into SCOTT.EMP_MERGE_TEST (EMPNO,DEPTNO,SAL) values (7934,10,1430);
Insert into SCOTT.EMP_MERGE_TEST (EMPNO,DEPTNO,SAL) values (8001,20,11000);
Insert into SCOTT.EMP_MERGE_TEST (EMPNO,DEPTNO,SAL) values (8000,null,10000);
Insert into SCOTT.EMP_MERGE_TEST (EMPNO,DEPTNO,SAL) values (9001,null,null);
Insert into SCOTT.EMP_MERGE_TEST (EMPNO,DEPTNO,SAL) values (9999,null,1250);
REM INSERTING into SCOTT.EMP_MERGE_TESTING
SET DEFINE OFF;
Insert into SCOTT.EMP_MERGE_TESTING (EMPNO,SAL,DEPTNO) values (7782,2450,10);
Insert into SCOTT.EMP_MERGE_TESTING (EMPNO,SAL,DEPTNO) values (7839,5000,10);
Insert into SCOTT.EMP_MERGE_TESTING (EMPNO,SAL,DEPTNO) values (7934,1300,10);
REM INSERTING into SCOTT.EMP_MERGE_TESTS
SET DEFINE OFF;
Insert into SCOTT.EMP_MERGE_TESTS (ENAME,EMPNO,SAL,DEPTNO) values ('CLARK',7782,2450,10);
Insert into SCOTT.EMP_MERGE_TESTS (ENAME,EMPNO,SAL,DEPTNO) values ('KING',7839,5000,10);
Insert into SCOTT.EMP_MERGE_TESTS (ENAME,EMPNO,SAL,DEPTNO) values ('MILLER',7934,1300,10);
REM INSERTING into SCOTT.INFO_TAB
SET DEFINE OFF;
Insert into SCOTT.INFO_TAB (NAME,JUMIN,TEL,GENDER,AGE,HOME,DEPTNO) values ('맹이','791034-1113333 ','7777','남성',null,null,20);
Insert into SCOTT.INFO_TAB (NAME,JUMIN,TEL,GENDER,AGE,HOME,DEPTNO) values ('짱이','900145-2113561 ','9999','남성',null,null,null);
REM INSERTING into SCOTT.MERGE_M
SET DEFINE OFF;
REM INSERTING into SCOTT.SALGRADE
SET DEFINE OFF;
Insert into SCOTT.SALGRADE (GRADE,LOSAL,HISAL) values (1,700,1200);
Insert into SCOTT.SALGRADE (GRADE,LOSAL,HISAL) values (2,1201,1400);
Insert into SCOTT.SALGRADE (GRADE,LOSAL,HISAL) values (3,1401,2000);
Insert into SCOTT.SALGRADE (GRADE,LOSAL,HISAL) values (4,2001,3000);
Insert into SCOTT.SALGRADE (GRADE,LOSAL,HISAL) values (5,3001,9999);
REM INSERTING into SCOTT.SAWON
SET DEFINE OFF;
REM INSERTING into SCOTT.STAT_SALARY
SET DEFINE OFF;
Insert into SCOTT.STAT_SALARY (STAT_DATE,DEPT_NO,EMP_COUNT,TOT_SALARY,AVG_SALARY) values (to_date('22/10/06','RR/MM/DD'),null,null,null,null);
Insert into SCOTT.STAT_SALARY (STAT_DATE,DEPT_NO,EMP_COUNT,TOT_SALARY,AVG_SALARY) values (to_date('22/10/06','RR/MM/DD'),20,6,20875,3479);
Insert into SCOTT.STAT_SALARY (STAT_DATE,DEPT_NO,EMP_COUNT,TOT_SALARY,AVG_SALARY) values (to_date('22/10/06','RR/MM/DD'),10,3,8750,2917);
REM INSERTING into SCOTT.STUDENT_SCORE
SET DEFINE OFF;
Insert into SCOTT.STUDENT_SCORE (ID,HNAME,KOR,ENG,AVG,MATH) values ('2000','홍길자',60,90,80,90);
Insert into SCOTT.STUDENT_SCORE (ID,HNAME,KOR,ENG,AVG,MATH) values ('0001','홍길동',100,80,60,null);
REM INSERTING into SCOTT.V_DEPT_SUM
SET DEFINE OFF;
Insert into SCOTT.V_DEPT_SUM ("부서명","최소급여","최대급여","평균급여") values ('ACCOUNTING',1430,5500,3208.333333333333333333333333333333333333);
Insert into SCOTT.V_DEPT_SUM ("부서명","최소급여","최대급여","평균급여") values ('RESEARCH',800,9900,3555);
REM INSERTING into SCOTT.V_EMP
SET DEFINE OFF;
Insert into SCOTT.V_EMP (EMPNO,ENAME,DEPTNO) values (7369,'SMITH',20);
Insert into SCOTT.V_EMP (EMPNO,ENAME,DEPTNO) values (4444,'호이',20);
Insert into SCOTT.V_EMP (EMPNO,ENAME,DEPTNO) values (5000,'박씨',null);
Insert into SCOTT.V_EMP (EMPNO,ENAME,DEPTNO) values (7566,'JONES',20);
Insert into SCOTT.V_EMP (EMPNO,ENAME,DEPTNO) values (5010,'박씨',null);
Insert into SCOTT.V_EMP (EMPNO,ENAME,DEPTNO) values (5020,'박씨',null);
Insert into SCOTT.V_EMP (EMPNO,ENAME,DEPTNO) values (7782,'CLARK',10);
Insert into SCOTT.V_EMP (EMPNO,ENAME,DEPTNO) values (5030,'박씨',null);
Insert into SCOTT.V_EMP (EMPNO,ENAME,DEPTNO) values (7839,'KING',10);
Insert into SCOTT.V_EMP (EMPNO,ENAME,DEPTNO) values (5757,'아무개',null);
Insert into SCOTT.V_EMP (EMPNO,ENAME,DEPTNO) values (7876,'ADAMS',20);
Insert into SCOTT.V_EMP (EMPNO,ENAME,DEPTNO) values (5040,'최유인',null);
Insert into SCOTT.V_EMP (EMPNO,ENAME,DEPTNO) values (7902,'FORD',20);
Insert into SCOTT.V_EMP (EMPNO,ENAME,DEPTNO) values (7934,'MILLER',10);
Insert into SCOTT.V_EMP (EMPNO,ENAME,DEPTNO) values (1115,'요뎡님',null);
Insert into SCOTT.V_EMP (EMPNO,ENAME,DEPTNO) values (1117,'샤댱이',null);
Insert into SCOTT.V_EMP (EMPNO,ENAME,DEPTNO) values (9001,'홍길국',null);
Insert into SCOTT.V_EMP (EMPNO,ENAME,DEPTNO) values (9999,'test',null);
Insert into SCOTT.V_EMP (EMPNO,ENAME,DEPTNO) values (1000,'홍길동',20);
Insert into SCOTT.V_EMP (EMPNO,ENAME,DEPTNO) values (1112,'오경호',null);
Insert into SCOTT.V_EMP (EMPNO,ENAME,DEPTNO) values (1234,'유지선',null);
Insert into SCOTT.V_EMP (EMPNO,ENAME,DEPTNO) values (2015,'암어',null);
Insert into SCOTT.V_EMP (EMPNO,ENAME,DEPTNO) values (1118,'쮝쮝',null);
Insert into SCOTT.V_EMP (EMPNO,ENAME,DEPTNO) values (5021,'쥑쥑',null);
Insert into SCOTT.V_EMP (EMPNO,ENAME,DEPTNO) values (1120,'쯔와압',null);
Insert into SCOTT.V_EMP (EMPNO,ENAME,DEPTNO) values (1149,'뵤스파',null);
Insert into SCOTT.V_EMP (EMPNO,ENAME,DEPTNO) values (5555,'최유인',null);
REM INSERTING into SCOTT.V_EMP_30
SET DEFINE OFF;
REM INSERTING into SCOTT.V_EMP_INFO
SET DEFINE OFF;
Insert into SCOTT.V_EMP_INFO (EMPNO,ENAME,DNAME) values (7369,'SMITH','RESEARCH');
Insert into SCOTT.V_EMP_INFO (EMPNO,ENAME,DNAME) values (4444,'호이','RESEARCH');
Insert into SCOTT.V_EMP_INFO (EMPNO,ENAME,DNAME) values (7566,'JONES','RESEARCH');
Insert into SCOTT.V_EMP_INFO (EMPNO,ENAME,DNAME) values (7782,'CLARK','ACCOUNTING');
Insert into SCOTT.V_EMP_INFO (EMPNO,ENAME,DNAME) values (7839,'KING','ACCOUNTING');
Insert into SCOTT.V_EMP_INFO (EMPNO,ENAME,DNAME) values (7876,'ADAMS','RESEARCH');
Insert into SCOTT.V_EMP_INFO (EMPNO,ENAME,DNAME) values (7902,'FORD','RESEARCH');
Insert into SCOTT.V_EMP_INFO (EMPNO,ENAME,DNAME) values (7934,'MILLER','ACCOUNTING');
Insert into SCOTT.V_EMP_INFO (EMPNO,ENAME,DNAME) values (1000,'홍길동','RESEARCH');
--------------------------------------------------------
--  DDL for Index PK_BUSEO_NO
--------------------------------------------------------

  CREATE UNIQUE INDEX "SCOTT"."PK_BUSEO_NO" ON "SCOTT"."BUSEO" ("BUSEO_NO") 
  PCTFREE 10 INITRANS 2 MAXTRANS 255 
  STORAGE(INITIAL 65536 NEXT 1048576 MINEXTENTS 1 MAXEXTENTS 2147483645
  PCTINCREASE 0 FREELISTS 1 FREELIST GROUPS 1 BUFFER_POOL DEFAULT FLASH_CACHE DEFAULT CELL_FLASH_CACHE DEFAULT)
  TABLESPACE "SYSTEM" ;
--------------------------------------------------------
--  DDL for Index PK_DEPT
--------------------------------------------------------

  CREATE UNIQUE INDEX "SCOTT"."PK_DEPT" ON "SCOTT"."DEPT" ("DEPTNO") 
  PCTFREE 10 INITRANS 2 MAXTRANS 255 
  STORAGE(INITIAL 65536 NEXT 1048576 MINEXTENTS 1 MAXEXTENTS 2147483645
  PCTINCREASE 0 FREELISTS 1 FREELIST GROUPS 1 BUFFER_POOL DEFAULT FLASH_CACHE DEFAULT CELL_FLASH_CACHE DEFAULT)
  TABLESPACE "SYSTEM" ;
--------------------------------------------------------
--  DDL for Index PK_EMP
--------------------------------------------------------

  CREATE UNIQUE INDEX "SCOTT"."PK_EMP" ON "SCOTT"."EMP" ("EMPNO") 
  PCTFREE 10 INITRANS 2 MAXTRANS 255 
  STORAGE(INITIAL 65536 NEXT 1048576 MINEXTENTS 1 MAXEXTENTS 2147483645
  PCTINCREASE 0 FREELISTS 1 FREELIST GROUPS 1 BUFFER_POOL DEFAULT FLASH_CACHE DEFAULT CELL_FLASH_CACHE DEFAULT)
  TABLESPACE "SYSTEM" ;
--------------------------------------------------------
--  DDL for Index PK_INFO_TEL
--------------------------------------------------------

  CREATE UNIQUE INDEX "SCOTT"."PK_INFO_TEL" ON "SCOTT"."INFO_TAB" ("TEL") 
  PCTFREE 10 INITRANS 2 MAXTRANS 255 
  STORAGE(INITIAL 65536 NEXT 1048576 MINEXTENTS 1 MAXEXTENTS 2147483645
  PCTINCREASE 0 FREELISTS 1 FREELIST GROUPS 1 BUFFER_POOL DEFAULT FLASH_CACHE DEFAULT CELL_FLASH_CACHE DEFAULT)
  TABLESPACE "SYSTEM" ;
--------------------------------------------------------
--  DDL for Index PK_SABUN
--------------------------------------------------------

  CREATE UNIQUE INDEX "SCOTT"."PK_SABUN" ON "SCOTT"."SAWON" ("SABUN") 
  PCTFREE 10 INITRANS 2 MAXTRANS 255 
  STORAGE(INITIAL 65536 NEXT 1048576 MINEXTENTS 1 MAXEXTENTS 2147483645
  PCTINCREASE 0 FREELISTS 1 FREELIST GROUPS 1 BUFFER_POOL DEFAULT FLASH_CACHE DEFAULT CELL_FLASH_CACHE DEFAULT)
  TABLESPACE "SYSTEM" ;
--------------------------------------------------------
--  DDL for Index UQ_INFO_JUMIN
--------------------------------------------------------

  CREATE UNIQUE INDEX "SCOTT"."UQ_INFO_JUMIN" ON "SCOTT"."INFO_TAB" ("JUMIN") 
  PCTFREE 10 INITRANS 2 MAXTRANS 255 
  STORAGE(INITIAL 65536 NEXT 1048576 MINEXTENTS 1 MAXEXTENTS 2147483645
  PCTINCREASE 0 FREELISTS 1 FREELIST GROUPS 1 BUFFER_POOL DEFAULT FLASH_CACHE DEFAULT CELL_FLASH_CACHE DEFAULT)
  TABLESPACE "SYSTEM" ;
--------------------------------------------------------
--  DDL for Index PK_BUSEO_NO
--------------------------------------------------------

  CREATE UNIQUE INDEX "SCOTT"."PK_BUSEO_NO" ON "SCOTT"."BUSEO" ("BUSEO_NO") 
  PCTFREE 10 INITRANS 2 MAXTRANS 255 
  STORAGE(INITIAL 65536 NEXT 1048576 MINEXTENTS 1 MAXEXTENTS 2147483645
  PCTINCREASE 0 FREELISTS 1 FREELIST GROUPS 1 BUFFER_POOL DEFAULT FLASH_CACHE DEFAULT CELL_FLASH_CACHE DEFAULT)
  TABLESPACE "SYSTEM" ;
--------------------------------------------------------
--  DDL for Index PK_DEPT
--------------------------------------------------------

  CREATE UNIQUE INDEX "SCOTT"."PK_DEPT" ON "SCOTT"."DEPT" ("DEPTNO") 
  PCTFREE 10 INITRANS 2 MAXTRANS 255 
  STORAGE(INITIAL 65536 NEXT 1048576 MINEXTENTS 1 MAXEXTENTS 2147483645
  PCTINCREASE 0 FREELISTS 1 FREELIST GROUPS 1 BUFFER_POOL DEFAULT FLASH_CACHE DEFAULT CELL_FLASH_CACHE DEFAULT)
  TABLESPACE "SYSTEM" ;
--------------------------------------------------------
--  DDL for Index PK_EMP
--------------------------------------------------------

  CREATE UNIQUE INDEX "SCOTT"."PK_EMP" ON "SCOTT"."EMP" ("EMPNO") 
  PCTFREE 10 INITRANS 2 MAXTRANS 255 
  STORAGE(INITIAL 65536 NEXT 1048576 MINEXTENTS 1 MAXEXTENTS 2147483645
  PCTINCREASE 0 FREELISTS 1 FREELIST GROUPS 1 BUFFER_POOL DEFAULT FLASH_CACHE DEFAULT CELL_FLASH_CACHE DEFAULT)
  TABLESPACE "SYSTEM" ;
--------------------------------------------------------
--  DDL for Index PK_INFO_TEL
--------------------------------------------------------

  CREATE UNIQUE INDEX "SCOTT"."PK_INFO_TEL" ON "SCOTT"."INFO_TAB" ("TEL") 
  PCTFREE 10 INITRANS 2 MAXTRANS 255 
  STORAGE(INITIAL 65536 NEXT 1048576 MINEXTENTS 1 MAXEXTENTS 2147483645
  PCTINCREASE 0 FREELISTS 1 FREELIST GROUPS 1 BUFFER_POOL DEFAULT FLASH_CACHE DEFAULT CELL_FLASH_CACHE DEFAULT)
  TABLESPACE "SYSTEM" ;
--------------------------------------------------------
--  DDL for Index UQ_INFO_JUMIN
--------------------------------------------------------

  CREATE UNIQUE INDEX "SCOTT"."UQ_INFO_JUMIN" ON "SCOTT"."INFO_TAB" ("JUMIN") 
  PCTFREE 10 INITRANS 2 MAXTRANS 255 
  STORAGE(INITIAL 65536 NEXT 1048576 MINEXTENTS 1 MAXEXTENTS 2147483645
  PCTINCREASE 0 FREELISTS 1 FREELIST GROUPS 1 BUFFER_POOL DEFAULT FLASH_CACHE DEFAULT CELL_FLASH_CACHE DEFAULT)
  TABLESPACE "SYSTEM" ;
--------------------------------------------------------
--  DDL for Index PK_SABUN
--------------------------------------------------------

  CREATE UNIQUE INDEX "SCOTT"."PK_SABUN" ON "SCOTT"."SAWON" ("SABUN") 
  PCTFREE 10 INITRANS 2 MAXTRANS 255 
  STORAGE(INITIAL 65536 NEXT 1048576 MINEXTENTS 1 MAXEXTENTS 2147483645
  PCTINCREASE 0 FREELISTS 1 FREELIST GROUPS 1 BUFFER_POOL DEFAULT FLASH_CACHE DEFAULT CELL_FLASH_CACHE DEFAULT)
  TABLESPACE "SYSTEM" ;
--------------------------------------------------------
--  Constraints for Table BUSEO
--------------------------------------------------------

  ALTER TABLE "SCOTT"."BUSEO" ADD CONSTRAINT "PK_BUSEO_NO" PRIMARY KEY ("BUSEO_NO")
  USING INDEX PCTFREE 10 INITRANS 2 MAXTRANS 255 
  STORAGE(INITIAL 65536 NEXT 1048576 MINEXTENTS 1 MAXEXTENTS 2147483645
  PCTINCREASE 0 FREELISTS 1 FREELIST GROUPS 1 BUFFER_POOL DEFAULT FLASH_CACHE DEFAULT CELL_FLASH_CACHE DEFAULT)
  TABLESPACE "SYSTEM"  ENABLE;
--------------------------------------------------------
--  Constraints for Table DEPT
--------------------------------------------------------

  ALTER TABLE "SCOTT"."DEPT" ADD CONSTRAINT "PK_DEPT" PRIMARY KEY ("DEPTNO")
  USING INDEX PCTFREE 10 INITRANS 2 MAXTRANS 255 
  STORAGE(INITIAL 65536 NEXT 1048576 MINEXTENTS 1 MAXEXTENTS 2147483645
  PCTINCREASE 0 FREELISTS 1 FREELIST GROUPS 1 BUFFER_POOL DEFAULT FLASH_CACHE DEFAULT CELL_FLASH_CACHE DEFAULT)
  TABLESPACE "SYSTEM"  ENABLE;
--------------------------------------------------------
--  Constraints for Table EMP
--------------------------------------------------------

  ALTER TABLE "SCOTT"."EMP" ADD CONSTRAINT "PK_EMP" PRIMARY KEY ("EMPNO")
  USING INDEX PCTFREE 10 INITRANS 2 MAXTRANS 255 
  STORAGE(INITIAL 65536 NEXT 1048576 MINEXTENTS 1 MAXEXTENTS 2147483645
  PCTINCREASE 0 FREELISTS 1 FREELIST GROUPS 1 BUFFER_POOL DEFAULT FLASH_CACHE DEFAULT CELL_FLASH_CACHE DEFAULT)
  TABLESPACE "SYSTEM"  ENABLE;
--------------------------------------------------------
--  Constraints for Table INFO_TAB
--------------------------------------------------------

  ALTER TABLE "SCOTT"."INFO_TAB" ADD CONSTRAINT "UQ_INFO_JUMIN" UNIQUE ("JUMIN")
  USING INDEX PCTFREE 10 INITRANS 2 MAXTRANS 255 
  STORAGE(INITIAL 65536 NEXT 1048576 MINEXTENTS 1 MAXEXTENTS 2147483645
  PCTINCREASE 0 FREELISTS 1 FREELIST GROUPS 1 BUFFER_POOL DEFAULT FLASH_CACHE DEFAULT CELL_FLASH_CACHE DEFAULT)
  TABLESPACE "SYSTEM"  ENABLE;
  ALTER TABLE "SCOTT"."INFO_TAB" ADD CONSTRAINT "PK_INFO_TEL" PRIMARY KEY ("TEL")
  USING INDEX PCTFREE 10 INITRANS 2 MAXTRANS 255 
  STORAGE(INITIAL 65536 NEXT 1048576 MINEXTENTS 1 MAXEXTENTS 2147483645
  PCTINCREASE 0 FREELISTS 1 FREELIST GROUPS 1 BUFFER_POOL DEFAULT FLASH_CACHE DEFAULT CELL_FLASH_CACHE DEFAULT)
  TABLESPACE "SYSTEM"  ENABLE;
  ALTER TABLE "SCOTT"."INFO_TAB" ADD CONSTRAINT "CK_INFO_GENDER" CHECK (gender IN ('남성','여성')) ENABLE;
  ALTER TABLE "SCOTT"."INFO_TAB" MODIFY ("NAME" NOT NULL ENABLE);
--------------------------------------------------------
--  Constraints for Table SAWON
--------------------------------------------------------

  ALTER TABLE "SCOTT"."SAWON" ADD CONSTRAINT "PK_SABUN" PRIMARY KEY ("SABUN")
  USING INDEX PCTFREE 10 INITRANS 2 MAXTRANS 255 
  STORAGE(INITIAL 65536 NEXT 1048576 MINEXTENTS 1 MAXEXTENTS 2147483645
  PCTINCREASE 0 FREELISTS 1 FREELIST GROUPS 1 BUFFER_POOL DEFAULT FLASH_CACHE DEFAULT CELL_FLASH_CACHE DEFAULT)
  TABLESPACE "SYSTEM"  ENABLE;
  ALTER TABLE "SCOTT"."SAWON" ADD CONSTRAINT "UBMU_CHECK" CHECK (ubmu in ('개발','유지보수','관리')) ENABLE;
  ALTER TABLE "SCOTT"."SAWON" MODIFY ("JIYEOK" NOT NULL ENABLE);
--------------------------------------------------------
--  Constraints for Table STAT_SALARY
--------------------------------------------------------

  ALTER TABLE "SCOTT"."STAT_SALARY" MODIFY ("STAT_DATE" NOT NULL ENABLE);
--------------------------------------------------------
--  Ref Constraints for Table EMP
--------------------------------------------------------

  ALTER TABLE "SCOTT"."EMP" ADD CONSTRAINT "FK_DEPTNO" FOREIGN KEY ("DEPTNO")
	  REFERENCES "SCOTT"."DEPT" ("DEPTNO") ENABLE;
--------------------------------------------------------
--  Ref Constraints for Table INFO_TAB
--------------------------------------------------------

  ALTER TABLE "SCOTT"."INFO_TAB" ADD CONSTRAINT "FK_INFO_DEPTNO" FOREIGN KEY ("DEPTNO")
	  REFERENCES "SCOTT"."DEPT" ("DEPTNO") ENABLE;
--------------------------------------------------------
--  Ref Constraints for Table SAWON
--------------------------------------------------------

  ALTER TABLE "SCOTT"."SAWON" ADD CONSTRAINT "FK_BUSEO" FOREIGN KEY ("BUSEO")
	  REFERENCES "SCOTT"."BUSEO" ("BUSEO_NO") ENABLE;
